{
    "keep": {
        "days": true,
        "amount": 30
    },
    "auditLog": "logs\\.3d4dce592c0c904e99a5535347f2ee1041139162-audit.json",
    "files": [
        {
            "date": 1669535406615,
            "name": "logs\\application-2022-11-27.log",
            "hash": "3ce87dcdcd3f818b9147c6de88d713e21a4365871bef8735d676a4935ab467a7"
        },
        {
            "date": 1669789032863,
            "name": "logs\\application-2022-11-30.log",
            "hash": "065c7841e5be574a386ee9833a03c4cf36f4df643b1d1c6e0e25826e7f80d9b4"
        },
        {
            "date": 1670138840274,
            "name": "logs\\application-2022-12-04.log",
            "hash": "02fe092c7df3861606d41d0cdde21c55f0fc035dabe45b825aec7b734859a7a7"
        },
        {
            "date": 1670327745547,
            "name": "logs\\application-2022-12-06.log",
            "hash": "b74a1b6daa2117aae0d0f274c9ae826466ae4d63ac8485577a4bbc66f36265b4"
        },
        {
            "date": 1670393390720,
            "name": "logs\\application-2022-12-07.log",
            "hash": "39203e99a413c35b364614013b2e63b6d62ecd853010cca0e40c0e04cdf06a2d"
        },
        {
            "date": 1670479748663,
            "name": "logs\\application-2022-12-08.log",
            "hash": "9389154e46fc0265e1003c5c28a379131591476e54a20efb2a92cb91e586d299"
        },
        {
            "date": 1670824569357,
            "name": "logs\\application-2022-12-12.log",
            "hash": "19dde55f9277ae8d9ad75850b30d10ce3f0001a572a57d553c083727c1f0bfa9"
        },
        {
            "date": 1671089087187,
            "name": "logs\\application-2022-12-15.log",
            "hash": "279e0f2958d205c44d56944494bbf8f9de777f951a3b650e20c8791440c771ef"
        },
        {
            "date": 1671349912533,
            "name": "logs\\application-2022-12-18.log",
            "hash": "b0557536c507cf6a9e0b192f6668d1b4aa85b0a1418d8b7adcc95f714d1ecb4d"
        },
        {
            "date": 1671428226575,
            "name": "logs\\application-2022-12-19.log",
            "hash": "f6a0882794dc8947994963ea8c48bbc038f5c7faa1e71f2f01937e6caf98ddb3"
        },
        {
            "date": 1671513190459,
            "name": "logs\\application-2022-12-20.log",
            "hash": "1cd460e4e0fb73c6dd5a997c09266a2071528fb66b5760c9933b11e10154738a"
        },
        {
            "date": 1671612293695,
            "name": "logs\\application-2022-12-21.log",
            "hash": "b06d79be2ee72e71329f7eb95479523628530dd2c0d94dd787d51e652d4937e5"
        },
        {
            "date": 1671949759786,
            "name": "logs\\application-2022-12-25.log",
            "hash": "78c66a136fe5cdc31d47de4ecfdc712b11afe9445e57ae6c2ae5e3d60b333b4e"
        },
        {
            "date": 1672033697678,
            "name": "logs\\application-2022-12-26.log",
            "hash": "79363bf20905fae1d4ef71958881db840902daec49f8ecd495b77b2afb135f56"
        }
    ],
    "hashType": "sha256"
}